Hegycsúcs neve; Hegység; Magasság;
Név: Ágasvár Hegység: Mátra Magasság: 789
Név: Bálvány Hegység: Bükk-vidék Magasság: 956
Név: Büszkés-hegy Hegység: Bükk-vidék Magasság: 952
Név: Cserepes-kő Hegység: Bükk-vidék Magasság: 823
Név: Csikorgó Hegység: Bükk-vidék Magasság: 778
Név: Csóványos Hegység: Börzsöny Magasság: 938
Név: Darázs-hegy Hegység: Mátra Magasság: 834
Név: Esztea-fő Hegység: Bükk-vidék Magasság: 797
Név: Fekete-Sár-bérc Hegység: Bükk-vidék Magasság: 930
Név: Felső-Borovnyák (2) Hegység: Bükk-vidék Magasság: 932
Név: Felső-Borovnyák (1) Hegység: Bükk-vidék Magasság: 945
Név: Fodor-hegy Hegység: Bükk-vidék Magasság: 931
Név: Füstös-kő-bérc Hegység: Bükk-vidék Magasság: 912
Név: Galya-tető Hegység: Mátra Magasság: 964
Név: Galya-vár Hegység: Mátra Magasság: 837
Név: Gergely-hegy Hegység: Zempléni-hegység Magasság: 783
Név: Győr-hegy Hegység: Mátra Magasság: 831
Név: Hangyás-bérc (1) Hegység: Börzsöny Magasság: 863
Név: Hangyás-bérc (2) Hegység: Börzsöny Magasság: 854
Név: Hármas-határ-hegy Hegység: Kőszegi-hegység Magasság: 795
Név: Három-kő Hegység: Bükk-vidék Magasság: 904
Név: Hegyes-kő Hegység: Bükk-vidék Magasság: 792
Név: Hermanház-tető Hegység: Zempléni-hegység Magasság: 884
Név: Hidas-bérc Hegység: Mátra Magasság: 971
Név: Hosszú-bérc Hegység: Bükk-vidék Magasság: 820
Név: Huta-bérc Hegység: Bükk-vidék Magasság: 920
Név: Írott-kő Hegység: Kőszegi-hegység Magasság: 882
Név: Ispán-hegy Hegység: Bükk-vidék Magasság: 912
Név: Istállós-kő Hegység: Bükk-vidék Magasság: 958
Név: Kékes Hegység: Mátra Magasság: 1014
Név: Kerek-hegy Hegység: Bükk-vidék Magasság: 827
Név: Kerek-hegy Hegység: Bükk-vidék Magasság: 790
Név: Kerek-réti-fő Hegység: Bükk-vidék Magasság: 880
Név: Kis-Átal-kő Hegység: Mátra Magasság: 787
Név: Kis-kő Hegység: Mátra Magasság: 787
Név: Kis-kő-hát Hegység: Bükk-vidék Magasság: 939
Név: Kis-Sár-bérc Hegység: Bükk-vidék Magasság: 925
Név: Kis-Sas-kő Hegység: Mátra Magasság: 830
Név: Kis-tanya Hegység: Bükk-vidék Magasság: 916
Név: Kis-Virágos-hegy Hegység: Bükk-vidék Magasság: 868
Név: Korom-bérc Hegység: Börzsöny Magasság: 825
Név: Kőris-hegy Hegység: Bükk-vidék Magasság: 944
Név: Kőrös-bérc Hegység: Bükk-vidék Magasság: 956
Név: Köves-orom Hegység: Mátra Magasság: 787
Név: Közép-bérc (1) Hegység: Bükk-vidék Magasság: 807
Név: Közép-bérc (2) Hegység: Bükk-vidék Magasság: 804
Név: Kukocsó-hegy Hegység: Bükk-vidék Magasság: 941
Név: Kút-hegy Hegység: Mátra Magasság: 878
Név: Küllő-hegy Hegység: Bükk-vidék Magasság: 899
Név: Leány-hegy Hegység: Bükk-vidék Magasság: 892
Név: Legyendi-galya Hegység: Mátra Magasság: 936
Név: Magos-fa Hegység: Börzsöny Magasság: 916
Név: Messzelátó Hegység: Bükk-vidék Magasság: 855
Név: Mogyorós-orom Hegység: Mátra Magasság: 838
Név: Muzsla Hegység: Mátra Magasság: 806
Név: Nagy-Átal-kő Hegység: Mátra Magasság: 823
Név: Nagy-Csipkés-tető Hegység: Bükk-vidék Magasság: 869
Név: Nagy-Csipkés-tető (3) Hegység: Bükk-vidék Magasság: 843
Név: Nagy-Dél (1) Hegység: Bükk-vidék Magasság: 821
Név: Nagy-Dél (2) Hegység: Bükk-vidék Magasság: 799
Név: Nagy-Dél (3) Hegység: Bükk-vidék Magasság: 787
Név: Nagy-Hárs Hegység: Bükk-vidék Magasság: 840
Név: Nagy-Hideg-hegy Hegység: Börzsöny Magasság: 864
Név: Nagy-Inóc Hegység: Börzsöny Magasság: 826
Név: Nagy-Kopasz Hegység: Bükk-vidék Magasság: 903
Név: Nagy-kő-hát (1) Hegység: Bükk-vidék Magasság: 946
Név: Nagy-kő-hát (2) Hegység: Bükk-vidék Magasság: 936
Név: Nagy-Kőris Hegység: Bükk-vidék Magasság: 822
Név: Nagy-Milic Hegység: Zempléni-hegység Magasság: 895
Név: Nyárju-hegy (1) Hegység: Bükk-vidék Magasság: 889
Név: Nyárju-hegy (2) Hegység: Bükk-vidék Magasság: 885
Név: Nyesett-vár Hegység: Mátra Magasság: 813
Név: Őr-kő (2) Hegység: Bükk-vidék Magasság: 855
Név: Őr-kő (1) Hegység: Bükk-vidék Magasság: 880
Név: Pes-kő Hegység: Bükk-vidék Magasság: 857
Név: Péter hegyese Hegység: Mátra Magasság: 960
Név: Piszkés-tető Hegység: Mátra Magasság: 944
Név: Pogányvár Hegység: Börzsöny Magasság: 823
Név: Remete-hegy Hegység: Zempléni-hegység Magasság: 894
Név: Sándor-hegy Hegység: Bükk-vidék Magasság: 870
Név: Sas-kő Hegység: Mátra Magasság: 898
Név: Semmi-bérc Hegység: Bükk-vidék Magasság: 906
Név: Som-tető Hegység: Mátra Magasság: 783
Név: Szilvási-kő Hegység: Bükk-vidék Magasság: 961
Név: Tányéros-töbör Hegység: Bükk-vidék Magasság: 958
Név: Tar-kő Hegység: Bükk-vidék Magasság: 950
Név: Teréz-hegy Hegység: Mátra Magasság: 792
Név: Tót-hegyes Hegység: Mátra Magasság: 814
Név: Tölgyes-bérc Hegység: Mátra Magasság: 799
Név: Vadkert-tető Hegység: Mátra Magasság: 834
Név: Vargai-Kurta-bérc (1) Hegység: Bükk-vidék Magasság: 821
Név: Vargai-Kurta-bérc (2) Hegység: Bükk-vidék Magasság: 819
Név: Varsa-tető Hegység: Börzsöny Magasság: 871
Név: Veres-Sár-bérc Hegység: Bükk-vidék Magasság: 912
Név: Virágos-sár (2) Hegység: Bükk-vidék Magasság: 950
Név: Virágos-Sár-hegy Hegység: Bükk-vidék Magasság: 955
Név: Zsérci-Nagy-Dél (1) Hegység: Bükk-vidék Magasság: 879
Név: Zsérci-Nagy-Dél (2) Hegység: Bükk-vidék Magasság: 877
Név: Zsérci-Nagy-Dél (3) Hegység: Bükk-vidék Magasság: 859
Név: Zsérci-Nagy-Dél (4) Hegység: Bükk-vidék Magasság: 850
